Link,Title,Location,Salary,Summary
https://kr.indeed.com/jobs?q=e34c06d01e1f387e,[NAVER Cloud] 리눅스 배포판 개발,성남 분당구,,"[역할]리눅스 OS 배포판 제작 업무- 리눅스 배포판 관련 소스 분석- C , Python 등을 이용하여 소스 분석 및 수정- 빌드 시스템 및 버그질라 시스템... 통신·모바일·게임>응용프로그래머> Python|인터넷·IT·통신·모바일·게임..."
https://kr.indeed.com/jobs?q=6bf56046b60b8111,[NAVER Cloud] 빅데이터 분석 플랫폼 개발,서울,,"리눅스 환경, 개발 및 운영에 대한 전문적인 지식을 보유 - Linux에서 프로젝트 진행 가능 - Java, Python,Go 중 한 가지 언어를 능숙하게 사용할 수 있는 능력 - Hadoop 및 Hadoop ecosystem..."
https://kr.indeed.com/jobs?q=844a7d20e4e15362,Associate Integration Engineer,서울,,shell scripting or programming languages... Perl/ Python/VBScript/Java/JavaScript/C++/C Fluent English Team spirit...
https://kr.indeed.com/jobs?q=774afc35e3ec6e5a,[AI/Lab] Recommendation System 리서치 엔지니어 (전문연구요원 가능),서울,,있으신 분 논문을 빠르고 정확하게 이해하고 구현할 수 있으신 분 최신 추천 기술 동향을 파악하고 계신 분 Python 사용 능력이 능숙하신 분 ※ 참고사항 : 해당 직군은 상세 경력기술서 제출이 필수입니다. 이런 분은...
https://kr.indeed.com/jobs?q=6a8ea2bf3ecb6973,Technical Solutions Engineer,서울,,"one or more of JavaScript (Node.JS), Python, or Java Working knowledge of GitHub... JavaScript (Node.JS), Python, Java 중 최소..."
https://kr.indeed.com/jobs?q=7fb9d769a987ab66,[(주)유니트론텍] Embedded S/W 개발 엔지니어,서울 강남구,,통신·모바일·게임>웹프로그래머> Python|인터넷·IT·통신·모바일·게임... 로그래머>자바스크립트|인터넷·IT·통신·모바일·게임>응용프로그래머> Python|인터넷·IT·통신·모바일·게임>시스템프로그래머>임베디드(Embedded...
https://kr.indeed.com/jobs?q=a692f83229bd339f,Datacenter Engineer,서울,,"Base Operating System Install • Some experience with Perl, Python, Bash or Java • Core OS Services: ssh, telnet, ftp, nfs..."
https://kr.indeed.com/jobs?q=d193999bb6d038d4,Analog Design Engineer,서울,,"Modeling of solutions using tools... Python, Matlab, Simulink, and Spectre AMS... tools... Python, Matlab, Simulink..."
https://kr.indeed.com/jobs?q=5b015b9613812d9d,Customer Data Analyst,서울,,"긴밀하게 협업하고 데이터 기반 확장 가능한 서비스 모듈 추가 및 성능 향상에 기여합니다. 필수 조건 Python (pandas, numpy), R, SQL... VBA 사용에 익숙함 물류 프로세스 분석 및 설계..."
https://kr.indeed.com/jobs?q=34d76713b5fc282d,CS LEAN D&A,대한민국,,"software using Python. (or other... platform expert VBA expert Extra point : Python expert, SAP, Spotfire, RPA skills..."
https://kr.indeed.com/jobs?q=ab58a5f77dd9c9c8,[NAVER Cloud] 빅데이터 분석 플랫폼 개발,성남 분당구,,빅데이터|인터넷·IT·통신·모바일·게임>빅데이터·AI(인공지능)> Python|인터넷·IT·통신·모바일·게임>ERP·시스템분석·설계>빅데이터|인터넷... 로그래머>JAVA|인터넷·IT·통신·모바일·게임>응용프로그래머> Python
https://kr.indeed.com/jobs?q=caf5ce762f9ea674,"Sales Engineer, Korea",서울,,large-scale enterprise analytics deployment Experience in Python Familiarity with data storage and computing infrastructure...
https://kr.indeed.com/jobs?q=276bd693a85d2d6d,Advanced Support Engineer / Database & Cloud,서울,,MySQL / TimesTen - Docker / Container - Kubernetes - Python Detailed Description and Job Requirements... member...
https://kr.indeed.com/jobs?q=8af26b37623864c4,8퍼센트 개발자 (신입/경력),서울 종로구,,개발 금융 데이터 분석과 분석 플랫폼 운영 자격요건 컴퓨터 전공자 또는 웹 개발 경력 1년 이상 우대사항 Python 코드를 무리 없이 읽으실 수 있는 분 Linux/Mac 사용 가능한 분 새로운 기술에 대한 호기심을 가지신...
https://kr.indeed.com/jobs?q=3fcf92bd742690ad,"Cloud Operations Engineer, APAC",서울,,scale... pure Python infra-as-code... Our cloud operations engineers bring Python software-engineering skills and rigour...
https://kr.indeed.com/jobs?q=f54bac6c78fd3240,코딩에 빠진 수퍼 개발자 (펌웨어 개발),성남 수정구,,"학력무관직무기술: 펌웨어(Firmware), Embedded System S/W 개발(판교) c/c++, Python 3 명 근무조건 고용형태: 정규직근무부서: 개발팀급여조건: 연봉 협의 후 결정 전형단계 및 제출서류 전형단..."
https://kr.indeed.com/jobs?q=0a23119c314f495d,[NAVER Cloud] 리눅스 배포판 개발,서울,,"W 개발(C, Python등) - 소스 형상 관리 [지원자격/ 우대사항] - 오픈소스 기여 혹은 참여 하셨던분 - 개발 경험 및 소스코드 분석등 관련 분야의 경험을 보유하신분 - 웹 프로그래밍/ Python/C등 프로그래밍..."
https://kr.indeed.com/jobs?q=c5a2d1029018e4ba,Expat: Experimental Physicist Tuning and Monitoring,경기도 화성,,Experience in using office programs and Unix (Linux) Python and Jira experience is preferred. Deliberate and organized work...
https://kr.indeed.com/jobs?q=113f497911c489c6,데이터 엔지니어,서울 강남구,,"개발 & 관리 • 데이터 분석 업무 자격요건 • 경력 5년 이상 • Java, Kotlin, Scala, Python 사용 경험 • SQL 사용 경험 우대사항 • Spark 사용 경험 • Hadoop 사용 경험 • 데이터..."
https://kr.indeed.com/jobs?q=477c259d56ffdb73,DevOps Engineer,서울,,"world of software operations, using Python for next-generation infrastructure... want to work in Python, have a passion..."
https://kr.indeed.com/jobs?q=bbbfbb33164df0e3,"Junior Software Engineer, Server Platform",서울,,"프라 위에 안정적이고 효율적인 서비스 설계 및 구축 핵심 자격요건 Python, Java, Kotlin, Go, C++ 등 서버 사이드 프로그래밍... Understanding of Python, Java, and Event..."
https://kr.indeed.com/jobs?q=8a6e9cac2fec97be,스크린플랫폼개발팀 웹개발자,성남 분당구,,인터넷·IT·통신·모바일·게임>통신·모바일>플랫폼(VM)|인터넷·IT·통신·모바일·게임>응용프로그래머> Python|인터넷·IT·통신·모바일·게임>웹프로그래머>웹개발
https://kr.indeed.com/jobs?q=14d562d10c215572,"PHP, Python 신입/경력 정규직",서울 금천구,,"주식회사 비즈부스터 PHP, Python 개발자 채용 모집부문 및 자격요건 담당업무 자격요건 인원 [담당업무]*당사의 서비스(비즈탑) 솔루션 및 서비... 프로그래머>PHP |인터넷·IT·통신·모바일·게임>웹프로그래머> Python"
https://kr.indeed.com/jobs?q=64762c9268719c2e,공무(실증플랜트) 신입사원 모집,서울 역삼동,,"기획 • 전공무관 (상경계열 전공 우대) Trading • 전공무관 (상경/화공계열 전공 우대) • Python, VBA 등 코딩 능숙자 우대 재무(회계) • 전공무관 (재무관리/파생상품 관련 전공 우대) 구매..."
https://kr.indeed.com/jobs?q=aa2836bca0adca28,Business Analyst,서울,,"engineering related research. • Broad working knowledge of Python, Excel (inc. automation skills), Relational DBs, SQL..."
https://kr.indeed.com/jobs?q=ac64fda2e281b835,"Software Engineer, People with Disabilities (장애인 채용)",서울,,"languages, including... limited to: C++, Java, C and Python. Experience in a variety of projects utilizing natural..."
https://kr.indeed.com/jobs?q=444fc14aa330a211,네이버 파이낸셜 플랫폼 운영,성남 삼평동,,"Docker(kubernetes) 및 어플리케이션 배포 전략 지식 보유 - Shell script, python 및 web framework 등 기타 프로그래밍 언어 활용 가능 - 국가보훈대상자 및 장애인은 법령에 의거..."
https://kr.indeed.com/jobs?q=0ff2c43b1e2621a5,PharmCADD 2021년 상반기 R&D센터 연구원 공개,서울 강남구,,통신·모바일·게임>빅데이터·AI(인공지능)>딥러닝|인터넷·IT·통신·모바일·게임>빅데이터·AI(인공지능)> Python|인터넷·IT·통신·모바일·게임>빅데이터·AI(인공지능)>데이터분석|인터넷·IT·통신·모바일·게임>빅데이터...
https://kr.indeed.com/jobs?q=0a57a69a13126ff5,셀프 인테리어 위한 AI 플랫폼 서비스 개발자,성남 분당구,,이상의 python 또는 node.js실무 개발경험이 있는 분 -Restful API에 대한 이해와 실무경험이 있는 분 인터넷·IT·통신·모바일·게임>웹프로그래머>웹개발|인터넷·IT·통신·모바일·게임>웹프로그래머> Python...
https://kr.indeed.com/jobs?q=95fcfab87b9906bd,Job Posting Title Deep Learning Researcher,서울,,"network 등) Deep Learning 방법론에 대한 데모 프로그램 제작 및 제품화 코드 작성( Python / C++) 다양한 종류의 제조업 이미지 데이터에 대한 탐색, 분석 및 전처리 모듈 구현 최신 Deep..."
https://kr.indeed.com/jobs?q=8db37a8ce733ca9f,Field Service Engineer,서울,,"experience with system administrative scripting. (bash, Python, etc.). 3+ years experience with modern server deployment..."
https://kr.indeed.com/jobs?q=51d1df9a3cfbe418,(주)엘솔루 R&D본부 ASR팀 개발직,서울,,"제공 [필수사항] ㆍ프로그래밍에 재능 및 열정이 있는 자 ㆍJava, Python 중 하나 이상의 언어사용자 ㆍWeb 개발능력 ㆍ리눅스 사용 경험자... 머신러닝(ML)|인터넷·IT·통신·모바일·게임>응용프로그래머> Python"
https://kr.indeed.com/jobs?q=a92b737cbbdf425f,[포티투마루] 인공지능(AI) 챗봇사업부 전 직군,서울 서초구,,바일·게임>빅데이터·AI(인공지능)>인공지능(AI)|인터넷·IT·통신·모바일·게임>빅데이터·AI(인공지능)> Python|인터넷·IT·통신·모바일·게임>빅데이터·AI(인공지능)>자연어처리|인터넷·IT·통신·모바일·게임>빅데이터...
https://kr.indeed.com/jobs?q=a3b3aefaa5b24791,[신사업] 백엔드 엔지니어 (전문연구요원 가능),서울,,공고 업로드 2021년 12월 23일 버즈니 백엔드팀을 소개합니다 _ 버즈니 신사업팀은 새로운 가능성을 위해 끊임없이 도전하는 팀입니다. 이번에 새롭게 도전장을 내민 분야는 연결형 e커머스 플랫폼입니다. 연결형 e커머스...
https://kr.indeed.com/jobs?q=3f30b270fd650056,Cloud Solution Engineer,서울,,"타 오라클 제품과 오라클 데이터베이스 연동 경험 - 어플리케이션 개발 경험 : Java, Node.js, Python 등 - DB 마이그레이션 경험 - 타 클라우드 DB 서비스(AWS, Azure, GCP 등) 경험..."
https://kr.indeed.com/jobs?q=fe457b8e789d331c,Data Engineer,서울 강남구,,게임>빅데이터·AI(인공지능)>머신러닝|인터넷·IT·통신·모바일·게임>빅데이터·AI(인공지능)> Python|인터넷·IT·통신·모바일·게임>응용프로그래머>머신러닝(ML)|인터넷·IT·통신·모바일·게임>응용프로그래머> Python
https://kr.indeed.com/jobs?q=e46f9a5073d8cfea,2022년도 개발자 (신입/경력),서울 금천구,,"개발-자사 웹사이트 백엔드 개발(자격요건)-경력 2년 이상의 Django, React framework, Python 사용 가능자[근무부서 및 직급/직책]근무부서: 개발팀직급/직책: 연구원, 주임연구원, 선임연구원, 책임연구..."
https://kr.indeed.com/jobs?q=141f3f6ab42201f0,Technology Lead (Messenger platform),서울,,SpringBoots/Kotlin. Also Python and Go... 크를 포함하는 많은 최신 기술 및 언어에 대한 탁월한 배경 지식. Python과 Go는에어아시아 에코시스템 전반에 걸쳐 사용되는 기술입니다. One...
https://kr.indeed.com/jobs?q=d6c05c588971df5a,백엔드 파운트 시스템 엔지니어 (현재 급여수준 이상 보장),서울 충정로역,,"경험 - Linux명령어 및shell스크립트 작성 능숙 우대사항 - Python, Java등을 이용한 프로그래밍 경험 네트워크및 서버에 대한 표준화... 립트 작성 능숙 우대사항 - Python, Java등을 이용한 프로그래..."
https://kr.indeed.com/jobs?q=f8638f3b69d8623e,규제/리스크/회계 시스템 담당자,서울 중학동,,RDB(Oracle/MySQL 등) 쿼리 개발 경험을 보유하신 분 - SW 개발 능력을 보유하신 분(Java/ Python 등) 우대사항 - 은행 정보계 시스템(DW/규제/회계/리스크) 운영 경험을 보유하신 분 근무조건...
https://kr.indeed.com/jobs?q=4a2c17b496d05373,DevOps 개발자,서울 중구,,"사용해 회사 환경에 맞게 Customize한 경험- Golang, Python 등 개발 언어와 Ansible 등 자동화 도구를 사용한 툴 개발/최적화... Boot)/Kotlin, Python 언어 중 하나로 개발 가능..."
https://kr.indeed.com/jobs?q=1750764e7fad99ec,[키움투자자산운용] 자산배분전략팀 팀원 (사원~대리급),서울 영등포구,,및 우대사항 금융·보험·증권>투자·분석·증권·외환>자산관리|인터넷·IT·통신·모바일·게임>응용프로그래머> Python|인터넷·IT·통신·모바일·게임>소프트웨어·하드웨어>소프트웨어|마케팅·광고·홍보·조사>조사·분석·통계>설문...
https://kr.indeed.com/jobs?q=699290df1b545c5d,아비커스 경력 및 신입사원,서울,,"경험 - 프로그래밍 (C/C , Python 등) 기술 - CUDA 프로그... 율주행, 드론 및 로보틱스 관련 개발 경험 - 프로그래밍 (C/C , Python 등) 기술 주요업무 - 자율운항기술 개발을 위한 제어 알고리즘/시뮬..."
https://kr.indeed.com/jobs?q=55a19c92c845685e,Developer / Designer recruit,서울 논현동,,"language (i.e Python, Ruby, Java, .Net... High proficiency in Python... knowledge... least one Python web framework..."
https://kr.indeed.com/jobs?q=c7c06c1bf98f52d6,Senior Perception Software Engineer - Autonomous Vehicles,서울,,related fields. Strong programming skills in C++ and python. Hands-on experience in developing product codes where...
https://kr.indeed.com/jobs?q=16bef2be27515eef,경영지원부문 신입사원 채용,서울 평동,,"수학 · 응용통계학 · 컴퓨터공학 · 산업공학 ※ SQL, R 또는 Python 프로그래밍 가능자 IT기획 컴퓨터공학 · 정보통신학· 데이터학... 공학 · 컴퓨터공학 ※ R 또는 Python 프로그래밍 가능자 플랜트구매..."
https://kr.indeed.com/jobs?q=e91b5984e7f5d3fd,"데이터베이스개발자, 웹개발 신입/경력 정규직",서울 영등포구,"연봉 36,000,000원 - 60,000,000원","개발자 ㆍCss/html 등 웹디자인 관련 유경험자 ㆍ자바스크립트, Python, C++, 닷넷 등 ㆍNode, Selenium, electron... 관련 유경험자ㆍ자바스크립트, Python, C++, 닷넷 등 ㆍNode..."
https://kr.indeed.com/jobs?q=f28af5089e415287,HANA Development Support Engineer,서울,,"analyzing complex problems Optional skills Knowledge of Python/shell-Scripting, C/C++ Using C++-Debuggers (like GDB..."
https://kr.indeed.com/jobs?q=b2995f32db4d005c,[판교] 화장품(대기업) 백엔드개발,성남 분당구,"연봉 50,000,000원 - 60,000,000원","개발하고 운영한 경험이 있는 분 - Javascript, Java, Python중 하나 이상의 경험이 있는 분 ■ 우대사항 - 동종업계 근무 경력자... Javascript, Java, Python중 하나 이상의 경험이 있는 분..."
https://kr.indeed.com/jobs?q=e0c985782b230f96,Senior Data Analyst,서울,,Looker and LookML will make you stand out from the crowd. Any experience with statistical toolkits... Python or R.
https://kr.indeed.com/jobs?q=e30fe92d72ceb17c,"자율 주행, 로봇 SW 개발자",성남 수정구,,"(주)에바 모집부문 및 자격요건 모집부문 담당업무 자격요건 인원 자율주행 SW 엔지니어 Python응용SW [담당업무]ROS 개발, 로봇 주행 알고리즘 개발, SW Optimization[근무부서 및 직급/직책]근무부서: 개발팀..."
https://kr.indeed.com/jobs?q=613e8260c0a33e9d,[NAVER Cloud] 빅데이터 분석 플랫폼 엔지니어,성남 분당구,,게임>응용프로그래머>JAVA|인터넷·IT·통신·모바일·게임>응용프로그래머> Python|인터넷·IT·통신·모바일·게임>빅데이터·AI(인공지능)> Python|인터넷·IT·통신·모바일·게임>빅데이터·AI(인공지능)>빅데이터|인터넷...
https://kr.indeed.com/jobs?q=e00d3977d633da67,[쿠키런: 오븐브레이크] 데이터 분석가 (경력),서울 강남구,,통신·모바일·게임>ERP·시스템분석·설계>데이터분석|인터넷·IT·통신·모바일·게임>응용프로그래머> Python|인터넷·IT·통신·모바일·게임>웹프로그래머> Python|인터넷·IT·통신·모바일·게임>데이터베이스·DBA>SQL
https://kr.indeed.com/jobs?q=40de6a4b81f8724f,[전문연구요원 신규편입/전직] 의료영상/음성인식/생체신호 연구원,서울 서초구,,인공지능)>텍스트마이닝|인터넷·IT·통신·모바일·게임>빅데이터·AI(인공지능)>인공지능(AI)|인터넷·IT·통신·모바일·게임>빅데이터·AI(인공지능)> Python|인터넷·IT·통신·모바일·게임>빅데이터·AI(인공지능)>딥러닝
https://kr.indeed.com/jobs?q=8d05eb89c3dfb9f3,IT/AI 개발 팀원/팀장,서울 용산구,,(주)제이로고스 IT/AI 개발 팀원/팀장을 모집합니다. 모집부문 및 자격요건 담당업무 자격요건 인원 ﻿JAVA / Python 프로그래머 경력사항: 경력(연차무관) 학력사항: 대학교(4년)졸업 이상 0 명 근무조건 고용형태: 정규직...
https://kr.indeed.com/jobs?q=3e96bc531d76390a,가우스랩스 Computer Vision & Image Processing Applied Scientist,서울특별시,,"실무 경험 보유. 생산적이고 건강한 조직 문화를 만들고자 하는 의지. 우대 영어 의사소통 능력. Python, C++ 등 프로그래밍 언어 및 PyTorch, Tensorflow 등 딥러닝 툴 전문 활용 가능. 영입..."
https://kr.indeed.com/jobs?q=f994aab17cae31fb,[NAVER Cloud] 빅데이터 분석 플랫폼 엔지니어,서울,,"환경, 개발 및 운영에 대한 전문적인 지식을 보유 - Linux 에서 프로젝트 진행 가능 - Java, Python, Go 중 한 가지 언어를 능숙하게 사용할 수 있는 능력 - Hadoop 및 Hadoop ecosystem..."
https://kr.indeed.com/jobs?q=557fe7d3af887a99,Cymer Software Engineer,대한민국,,"experience in C/C++/MFC, and C#/Java/Scripts(VB, Python, Java) programming in extra More than 1~2 years of development..."
https://kr.indeed.com/jobs?q=c0574107a4de85c1,로데슈바르즈코리아 연구소 개발자,서울 강남구,,"소프트웨어 개발 혹은 시스템 통합 경험을 보유하신 분으로 경력 1년 ~ 3년ㆍ프로그래밍 언어 C/C++, Pythonㆍ적극적으로 동료들과 소통하고 책임감이 있는 분ㆍ새로운 기술 습득에 열정이 있으신 분ㆍ비지니스 수준의 영어..."
https://kr.indeed.com/jobs?q=377d8a275cfdac2f,1월 11번가 Backend 개발 경력공채,서울 중구,,"2. 활용기술[서버 개발] - Spring Boot 2.x, Spring Cloud, Reactor, Python, Node.js - Oracle, MongoDB, MySQL, Kafka, Redis, Spring Cloud..."
https://kr.indeed.com/jobs?q=5ec36537517064d0,Data Engineer,서울 중구,,응용프로그래머> Python|인터넷·IT·통신·모바일·게임>통신·모바일>플랫폼(VM)|인터넷·IT·통신·모바일·게임>빅데이터·AI(인공지능)>빅데이터|인터넷·IT·통신·모바일·게임>빅데이터·AI(인공지능)> Python|인터넷...
https://kr.indeed.com/jobs?q=69c995de048c51fd,Senior Technical Support Engineer - OpenStack,서울,,"multiple languages Experience writing scripts using Bash, Python, or Perl to troubleshoot and correct Linux networking issues..."
https://kr.indeed.com/jobs?q=3fbf16cd38fd66c8,Software Developer & Verification,서울,,"Programming Language and skillset: Java(preferred), C++, Python, CI Environment, Shell Script Native Korean and business..."
https://kr.indeed.com/jobs?q=4cc15c26097421c5,"개발자 - Python 프로그래밍과 Java, C 소스코드 분석",서울 송파구,,"자격요건 인원 [담당업무]개발자 - Python 프로그래밍과 Java, C 소스코드 분석[근무부서 및 직급/직책]근무부서: 엔터프라이즈 솔루션직급/직책: 팀원, 대리, 차장 [필요기술]ㆍ Python 프로그래밍과 Java, C..."
https://kr.indeed.com/jobs?q=287f5f422c269849,Market Research 담당자 채용,서울 중학동,,"숙한 대내외 커뮤니케이션이 가능한 분 [우대사항] - 통계분석 및 프로그래밍 언어 역량을 보유하신 분(R, python, Data studio, SPSS, Tableau, etc) - SQL 쿼리사용 가능하신 분 - 영어로..."
https://kr.indeed.com/jobs?q=3544467a7b64376f,[전문연구요원] 의료영상 리서치 엔지니어 정규직,서울 마포구,,"학력무관직무기술: VISUALC++, 응용프로그래밍, C·C++, Python, AI개발 2 명 근무조건 고용형태: 정규직(수습기간3개월)근무부서... 머신러닝(ML)|인터넷·IT·통신·모바일·게임>응용프로그래머> Python"
https://kr.indeed.com/jobs?q=649ccf047c868778,"금융 데이터 분석 엔진, 로보어드바이저 개발자",서울 영등포구,,"시스템, 머신러닝, 자연어처리. 패턴분석 - 다음 언어에서 최소 한 가지 이상 능숙자: Java, C++, Python, JavaScript 우대사항 - 석사이상 컴퓨터공학 (Computer Science) 분야 또는..."
https://kr.indeed.com/jobs?q=cfdb66a24e99b6e3,Renewables Consultant - Electrical Engineering,서울,,"programming languages... PSS®E, PSCAD, PowerFactory Python, Matlab, etc; Experience with using MS Office suite packages..."
https://kr.indeed.com/jobs?q=c7d52aeb22295927,데이터표준품질부문 경력직 (정규직),서울 강남구,,데이터분석|인터넷·IT·통신·모바일·게임>빅데이터·AI(인공지능)> Python|인터넷·IT·통신·모바일·게임>빅데이터·AI(인공지능)>R|인터넷... DBA>MySQL|인터넷·IT·통신·모바일·게임>응용프로그래머> Python
https://kr.indeed.com/jobs?q=b755ba64bff7e161,[Clova CIC] 부문별 클로바 기획 담당자 (경력),서울,,대용량 데이터 분석 업무 유경험자 (2~3년 이상) - 원활한 커뮤니케이션 및 PT 능력 [우대사항] - Python 사용이 가능하신 분 CLOVA Service Planning 국내 최고 수준의 AI 기술을 가진...
https://kr.indeed.com/jobs?q=37124c78f418fcf1,Design Verification Engineer (Korea),서울,,"System Verilog, OO programming. Verilog , C/C++, Tcl/Perl/ python/shell-scripting Experience with OVM/UVM methodology. Strong..."
https://kr.indeed.com/jobs?q=90ad95e46ab20a37,Network Engineer,서울 중구,,Cloud Network 관련 1년 이상- 학력/전공 : 무관이런 경험이 있다면더욱 좋습니다.우대사항- Python/Shell script 활용 가능자- Cloud 및 Network 관련 자격증 보유자 인터넷·IT·통신·모바...
https://kr.indeed.com/jobs?q=f6c0e5637d387cd7,소프트웨어 CTO포지션 [상장예정 스마트 테마파크 스타트업],서울 강남구,,"Our current major tech stack: • Java, Spring Boot, Nodejs, Python... our backend... major language for backends..."
https://kr.indeed.com/jobs?q=fb4e5cc04575215b,Research Scientist(Computer Vision),서울 강남구,,Inequality - Let’s Riiid. 인터넷·IT·통신·모바일·게임>응용프로그래머>자바스크립트|인터넷·IT·통신·모바일·게임>응용프로그래머>C·C++|인터넷·IT·통신·모바일·게임>웹프로그래머> Python
https://kr.indeed.com/jobs?q=3c2bf0ec25a85c9f,"Senior Analyst - Data Science, Marketing & Sales",서울,,mathematics) 4+ years of experience working with SQL and Python or R programming Ability to manage and query large databases...
https://kr.indeed.com/jobs?q=ec5c7ccd76639120,[외국계 스타트업 미소] Data Analyst,서울,,통신·모바일·게임>빅데이터·AI(인공지능)>데이터분석|인터넷·IT·통신·모바일·게임>빅데이터·AI(인공지능)> Python|인터넷·IT·통신·모바일·게임>데이터베이스·DBA>MySQL|인터넷·IT·통신·모바일·게임>데이터베이스...
https://kr.indeed.com/jobs?q=6d389529bece608b,자동차 전장 Security 분야 전문가,서울 강서구,,식에 대한 이해 - Linux 사용 경험 보유 (1년 이상) - Shell Scripting 제작 또는 Python Programming 경험 2. 우대사항 - SDL (Security Development Lifecycle...
https://kr.indeed.com/jobs?q=6a8ea2bf3ecb6973,Technical Solutions Engineer,서울,,"one or more of JavaScript (Node.JS), Python, or Java Working knowledge of GitHub... JavaScript (Node.JS), Python, Java 중 최소..."
https://kr.indeed.com/jobs?q=9d966c68f91065ee,KAIST 휴머노이드로봇연구센터 위촉연구원 모집 공고,대전 유성구,,"개발자 (Robot Software Engineer) 1. 로봇 경로 계획 알고리즘 개발 2. Linux, Python/C++ 프로그래밍 개발 3. 로봇 학습 기반 제어 알고리즘 개발 ※ 자세한 직무수행 내용은 직무기술서..."
https://kr.indeed.com/jobs?q=77f04d25d1e4bc3c,Cross Border Ecommerce - Business Intelligence,서울,,business analyst related roles Proficient in SQL and Python Strong analytical skill and sensitivity to data Strong oral...
https://kr.indeed.com/jobs?q=77f36f436c732078,[AWS] Application Developer,서울,,"experience (e.g. Java, Python, C++, Scala... 너와 서버리스 기술 경험 · 프로그래밍 언어 경험 (예 : Java, Python, C ++, Scala, Go, Ruby 등) · 애플리케이션 개발..."
https://kr.indeed.com/jobs?q=a692f83229bd339f,Datacenter Engineer,서울,,"Base Operating System Install • Some experience with Perl, Python, Bash or Java • Core OS Services: ssh, telnet, ftp, nfs..."
https://kr.indeed.com/jobs?q=d7527395199fd664,Consulting Engineer (Full Time) - Korea,서울,,"experience in Linux and programming languages like Python, Java , JavaScript etc. • Strong communication and collaboration..."
https://kr.indeed.com/jobs?q=705f1a36a7fafed3,은행 정보계 DW 시스템 담당자,서울 중학동,,MySQL 등) 대용량 쿼리 개발/튜닝 경험을 보유하신 분 - SW 개발 능력을 보유하신 분(Java/ Python 등) 우대사항 - 은행 정보계 시스템(DW/규제/회계/리스크) 운영 경험을 보유하신 분 - 시각화/분석...
https://kr.indeed.com/jobs?q=dc74730c92ce5050,Data Scientist,서울 영등포구,,"기반 예측, 모델링 프로젝트 경험자 데이터 분석/모델링을 위한 언어 및 프레임워크 사용에 익숙하신 분 ( Python, R, SQL, Pandas, TensorFlow, Pytorch, Spark 등) 회사 내부 구성원들과..."
https://kr.indeed.com/jobs?q=ac9068957c550cb3,데이터 전문가(모델러/분석가/엔지니어) 모집,성남 판교역,,대용량 데이터를 효율적으로 사용하기 위한 기반 데이터 가공 지원자격 데이터 사이언스를 위한 언어(R/ Python/Scala) 및 도구(scikit-learn/Spark MLlib/Tensorflow/Pytorch 등)를...
https://kr.indeed.com/jobs?q=43894f19dad2b694,"Strategic Cloud Engineer, Infrastructure, Google Cloud Profe...",서울,,"writing software in one or more languages (e.g., Java, Python, etc.). Preferred qualifications: Experience with cluster..."
https://kr.indeed.com/jobs?q=df21e3bb5d773616,Python Programmer,서울 서초구,,개발 – JAVA 프로그래밍(라이브러리 활용) – Spring 프레임 워크 개발 – Python API 프로그래밍 우대사항 – Python 개발 경험 – Open Source 라이브러리 개발경험 – Web 표준에 대한 경험...
https://kr.indeed.com/jobs?q=4e069b1aa5d4a15a,"Principal, Industrial Engineering (Process Innovation)",서울,,"Intermediate to advanced skills in SQL, VBA. Knowledge... least one programming language: Python, R, Java or any other."
https://kr.indeed.com/jobs?q=a50fce6cc2cb57c9,자연어처리전문가 금융챗봇 만들어 갈 엔지니어,서울 충정로역,,리에 필요한 알고리즘을 개발하고 Python으로 구현 및 성능 검증을 진행... Description - 자연어 처리에 필요한 알고리즘을 개발하고 Python으로 구현 및 성능 검증을 진행 - 자연어 전처리 (형태소 분석...
https://kr.indeed.com/jobs?q=35869b81b2eb4594,﻿[Synopsys Korea] Training & Hiring Program,서울 노원구,,"수 있는 의사소통능력 우대사항 EDA Tool 개발 및 사용 경험이 있으신 분 스크립트 언어(bash, Python, TCL, Perl)를 다뤄본 경험이 있으신 분 AI & ML 분야에 관련한 깊은 경험 및 심화 지식이..."
https://kr.indeed.com/jobs?q=c79d93526636e256,"Senior Data Scientist (Machine Learning, 반도체산업)",서울,,"Project management experience Programming skills, e.g. Python, R, Java, C++ Comfortable reporting results to both technical..."
https://kr.indeed.com/jobs?q=6d15c3420e935aea,AI 분야 경력,서울,,"이상 (AI 관련 논문 발표) ② AI/딥러닝 알고리즘 연구개발 프로젝트 경험 ③ Ubuntu Linux, Python, Tensorflow, PyTorch 사용 중상급 이상 우대사항(해당 내용 중 1개 이상) ① AI/머신..."
https://kr.indeed.com/jobs?q=2f56d4b70c1df086,하반기 인턴직 모집,서울 을지로2가,,"지니어 (IT 인프라 관리/운영) 서버, 네트워크 Bash, Java, Python ① 학력 : 초대졸 이상 (2020년 2월 이후 졸업/졸업예정... JavaScript, VC++, Python) 한솔 PNS IT 부문..."
https://kr.indeed.com/jobs?q=ba6a0ebb6ad9cd18,IT 인프라 운영 도구 개발,성남 판교역,,"모니터링 시스템 Web 개발 - 경력 4년 이상 - Linux 환경(LAMP) 경력 3년 이상 - Python, Django, Javascript, PHP 경험 - 다양한 Front-end 프레임 워크 사용 경험..."
https://kr.indeed.com/jobs?q=188606f62a55c44a,Data Scientist (Clinical Plan Analyst),서울,,Comprehensive testing of your own code. Qualifications • R/ Python/Pyspark 등의 programming language를 사용한 data 분석 경험 1년 이상의 경력...
https://kr.indeed.com/jobs?q=55dc8813cdc0ee34,Consultant_App Innovation,서울,,"PowerShell, Python or other scripting... languages (e.g., C#, JavaScript, PHP, Python) Application Lifecycle Management (e.g..."
https://kr.indeed.com/jobs?q=be44e36acba57f57,[마포] 신약개발 빅데이터 인공지능 모델 개발 및 분석,서울 마포구,"연봉 50,000,000원 - 60,000,000원","지원 가능) • linux, python, R 사용가능자 • 딥러닝 라이브... 자모델링, 화학정보, 딥러닝, 라이브러리[지원자격]• linux, python, R 사용가능자• 딥러닝 라이브러리(tensorflow, pytorch..."
https://kr.indeed.com/jobs?q=11158d9d6a695db2,Partner Solutions Architect,서울,,"Docker, Kubernetes, OpenShift, Cloud Foundry Dev/Scripting: Python, Javascript, Ruby, Perl, PHP, Go Config Mgmt: Terraform..."
https://kr.indeed.com/jobs?q=d9746dd92adbf277,Software Engineer in Test,서울,,"few years of professional experience developing in Python or JS, other mobile platforms are plus. You bring significant..."
https://kr.indeed.com/jobs?q=3e9ed1202cddeb4d,DevSecOps,성남 분당구,,통신·모바일·게임>응용프로그래머>클라우드|인터넷·IT·통신·모바일·게임>응용프로그래머> Python|인터넷·IT·통신·모바일·게임>네트워크·서버·보안>정보보안|인터넷·IT·통신·모바일·게임>빅데이터·AI(인공지능)> Python
https://kr.indeed.com/jobs?q=292a04117f547509,Field Application Engineer (m/f),서울 용산구,,용프로그래머>C·C++|인터넷·IT·통신·모바일·게임>응용프로그래머> Python|인터넷·IT·통신·모바일·게임>전산·IT기술지원>S/W 엔지니어|인터... 트웨어|인터넷·IT·통신·모바일·게임>빅데이터·AI(인공지능)> Python
https://kr.indeed.com/jobs?q=e557832a1976f187,NAVER Cloud 사내 플랫폼 운영,성남 삼평동,,"Network관련 기초 지식을 보유하고 계신 분 - script ( Python, Html, javascript, Linux shell 중 1개이상... WEB/WAS, DB운영 경험 - Python, JAVA 중 하나의 프로..."
https://kr.indeed.com/jobs?q=116009dbf59211ed,퍼즐데이터 역량있는 데이터 분석가,서울 역삼동,,"데이터 마이닝 및 통계분석에 대한 전반적인 이해 3. 관련분야(산업공학, 통계 등) 전공 4. R or Python 사용 능력 * 이런 분은 더욱 좋아요. 1. 프로세스 마이닝 지식 보유자 2. 관련분야 대학원 전공 3..."
https://kr.indeed.com/jobs?q=78526735d90a85b9,"Machine Learning - iOS Software Engineer,",서울,,"computer vision Python libraries... programming skills with proficiency in Python, Flask, iOS Dev tools, and GitHub..."
https://kr.indeed.com/jobs?q=8669483b11225a91,Renewables Consultant - Civil / Structure Engineering,서울,,"customers; Familiarity with programming languages... Python or Matlab, etc; Proficiency in MS Office programs (primarily..."
https://kr.indeed.com/jobs?q=7b091681f7106dcd,Head of Technical Writing,서울,,"following languages; Objective-C, Java, Swift, JavaScript, and Python ABOUT SENDBIRD Sendbird... world's leading chat..."
https://kr.indeed.com/jobs?q=19da3484bd7a72f1,Machine Learning R&D 연구원,서울 서초구,,"가능) ㆍ최신 딥러닝, 기계학습 이론에 대한 이해 및 구현 역량 ㆍ Python, TnsorFlow, C/C++, TensorRT 등 프로그래밍 실무... 대한 이해 및 구현 역량 ㆍ Python, TnsorFlow, C/C++..."
https://kr.indeed.com/jobs?q=6d86e9f32d31c84f,Data 분야 경력,서울,,"해가 뛰어난 자 - R, Python, SAS, SQL 등 활용 역량 우대사항(해당 내용 중 1개 이상) - ML/DL 경험 인력 우대 - 관련 분야 석사 이상 학위 소지자 우대 - R, Python등 데이터분석 모델링 경험..."
https://kr.indeed.com/jobs?q=23872d520aa9ead5,데이터 엔지니어 전문가,서울특별시,,"EMR/Athena, Google Firebase/BigQuery 등) . Unix/Linux 환경 경험 . Python/SQL/NoSQL Scripting Language 사용 및 협업 경험 우대 사항 - 엔터프라이즈 데이..."
https://kr.indeed.com/jobs?q=754be9e3d78fa802,2021년 상반기 R&D 개발자 (병역특례 가능/경력 무관),인천 연수구,,"담당업무: - 블루투스 메시 기반 위치 추적 솔루션 개발 - 상기 솔루션의 임베디드 펌웨어 개발 - C(필수), Python, Javascript 프로그래밍 언어 사용 - 기술 지원 [자격요건] 경력사항: 무관 (신입도 지원..."
https://kr.indeed.com/jobs?q=3b7dbdf85a326a6d,국내 대기업 - AI 및 딥러닝 관련 경력자,서울,,"관련 전문 지식 있는 분 - Python 또는 Scala, JAVA 활용... 레임워크 활용 역량 좋은 분- 자연어처리 관련 전문 지식 있는 분- Python 또는 Scala, JAVA 활용 역량- 미디어/커머스/전자/IT 업계..."
https://kr.indeed.com/jobs?q=b3a6c83c9debcb92,네이버 파이낸셜 플랫폼 운영,성남 삼평동,,"Docker(kubernetes) 및 어플리케이션 배포 전략 지식 보유 - Shell script, python 및 web framework 등 기타 프로그래밍 언어 활용 가능 - 국가보훈대상자 및 장애인은 법령에 의거..."
https://kr.indeed.com/jobs?q=7d205770c41f1c8b,현대백화점 데이터기획팀 데이터 분석/기획 경력,서울 삼성역,,"Tableau등 OLAP툴 활용 대시보드 구성 및 분석 결과 리포팅 수행 경험 - 중급 이상의 R, Python, SQL 역량 및 데이터 핸들링(추출/전처리(EDA)/요약 등) 역량 보유 - 클라우드(또는 온프..."
https://kr.indeed.com/jobs?q=55e2f1523d6bd078,TOAST CAM AI 개발 담당자,성남 판교역,,"학사 또는 석사 학위 또는 그에 준하는 실무 경험자 (신입 지원 가능) - 임베디드 환경 개발 경험자 - Python, C++ 개발 경험자 - 임베디드 환경 개발 경험자 - Deep Learning, Computer..."
https://kr.indeed.com/jobs?q=2cd08e43d8b37f87,[대기업] 클라우드 서비스 솔루션 개발,서울,,C++|인터넷·IT·통신·모바일·게임>응용프로그래머>클라우드|인터넷·IT·통신·모바일·게임>응용프로그래머> Python|인터넷·IT·통신·모바일·게임>데이터베이스·DBA>데이터베이스개발자|인터넷·IT·통신·모바일·게임>데이터베...
https://kr.indeed.com/jobs?q=c896322092980fcd,Business Consultant - Technology,서울,,"Cloud Computing. Basic knowledge and skillset with Linux, Python, C++/.Net, RESTful API/Embedded API is required. About RWS..."
https://kr.indeed.com/jobs?q=b25a378d97c7a56c,AI 서비스/시스템 개발,성남 판교역,,"Elasticsearch 사용 경험 - MSA 에 대한 이해 - Python, C, C++ 개발 경험 - Docker 및 Container... 이용한 로그 시스템 운영 - Python 개발 경력 3년 이상 또는 그에..."
https://kr.indeed.com/jobs?q=4d6366a69e32d9a9,Metaverse 서비스 Graphics 개발자,서울 중구,,플랫폼(VM)|인터넷·IT·통신·모바일·게임>응용프로그래머>C#|인터넷·IT·통신·모바일·게임>응용프로그래머> Python|인터넷·IT·통신·모바일·게임>게임(Game)>게임 기획|인터넷·IT·통신·모바일·게임>게임(Game...
https://kr.indeed.com/jobs?q=e8c110fe49ba6240,Senior AI Research Engineer,서울,,"Caffe, and MxNet Strong programming skills with C/C++ and Python Experiences in programming and testing on Linux environment..."
https://kr.indeed.com/jobs?q=9ad80a2efdc9c3dd,웹개발자 국내 메이저 식품대기업,서울 강남구,,"필요역량 및 지원자격 1) 필수 역량 - 웹 서비스 개발 경험 (PHP) - 프로그램 언어 활용 능력 ( Python, SQL 등) - 리눅스 서버에서 웹 서비스 개발 경험자 - JS, CSS 기초 지식 보유 2) 우대..."
https://kr.indeed.com/jobs?q=13059ac76a29fa54,Data Engineer (Python Backend 경력자),서울 서초구,,데이터·AI(인공지능)> Python|인터넷·IT·통신·모바일·게임>응용프로그래머>인공지능(AI)|인터넷·IT·통신·모바일·게임>응용프로그래머>클라우드|인터넷·IT·통신·모바일·게임>응용프로그래머> Python|인터넷·IT·통신...
https://kr.indeed.com/jobs?q=41eda88d237f0abe,Application Engineer for MCU & Touch,대한민국,,"optionally additional language skills (e.g. C#, C++, Python..) Experienced in low level components of timer, counter, PWM..."
https://kr.indeed.com/jobs?q=e63d80feb70ad6c4,[환경가전 대기업] 인프라보안팀 인프라운영 (과장~차장),서울 구로구,,"경험 보유 [우대사항] - 스스로 툴 작성이 가능하신분 ( Python, Go, Perl, Bash 등 활용) - 다양한 형태의 CICD 파이프라인... 스스로 툴 작성이 가능하신분 ( Python, Go, Perl, Bash 등..."
https://kr.indeed.com/jobs?q=4240704581f26166,여행사업본부 1월 정기 수시채용,서울 을지로2가,,"ERP 시스템 운영 및 고도화 작업 •홈페이지 리뉴얼 개발 지원 [필요역량] •개발언어: java (필수), python (우대) •개발프레임워크: Spring Framework (필수), Django (우대) •DBMS..."
https://kr.indeed.com/jobs?q=79fb95da6dff4025,하반기 신입(채용 연계형 인턴) 수시채용,서울 마곡동,,"Python, R, 기타 코딩 능력 보유자 또는 통계 분석에 대한 기초 지식 보유자 중 1개 해당자 우대사항 · 통계 분석에 대한 기초 지식 보유자 · 기초 프로그래밍 코딩 구현 능력 보유자 ( Python or R..."
https://kr.indeed.com/jobs?q=ad9c760fdec88af5,품질 신입 채용,서울 한강로2가,,전면허 및 운전가능자 우대요건 - 산업공학과(통계 활용 능력) - 품질경영기사 자격증 보유자 - 파이썬( Python) 활용 가능자 - 엑셀 및 PPT 활용 능력 우수자 장항 전형절차 STEP.01 서류심사 - STEP...
https://kr.indeed.com/jobs?q=cb340349fea7454e,"Digital Innovation PM, Korea",서울,,"CRM systems, e.g Salesforce · Understanding of SQL, Python or other · Strong business and financial acumen and negotiations..."
https://kr.indeed.com/jobs?q=a9a51d3e0ac6382a,ESS 기반 에너지 블록체인 전력거래 서비스 추가 개발 및 운영 백엔드 개발자,서울 강북구,"연봉 30,000,000원 - 35,000,000원","격요건]경력사항: 신입, 경력()학력사항: 학력무관직무기술: Node.js, javascript, AWS, Python 1 명 근무조건 고용형태: 계약직(근무기간 협의 후 결정, 수습기간 5개월, 정규직 전환검토), 프리랜서..."
https://kr.indeed.com/jobs?q=0e25160b5a1d095f,[유통 대기업] Business Analyst(비지니스분석가) 과차장급,서울,,"이터 컨설팅 또는 비즈니스 컨설팅 경력 5년 이상 보유 -SQL, R, Python 중 1개 이상의 분석 도구 활용 경험 보유 -비지니스에 대한 문제... 게임>빅데이터·AI(인공지능)> Python|인터넷·IT·통신·모바일·게임..."
https://kr.indeed.com/jobs?q=e85487d0d81b009b,시스템보안 담당자 채용,서울 중학동,,"경험 보유 우대사항 - AWS, Azure 등 클라우드 환경의 보안서비스 운영 경험자 - Java, Python 등 프로그래밍 언어 능숙자 근무조건 [근무조건] - 근무형태 : 정규직 - 모집인원 : 명 - 근무지..."
https://kr.indeed.com/jobs?q=f8691758f74c5242,Support Engineer- Developer,서울,,"developing with Chatbot, Linux, Apache, Java, Node, Python, PHP, or Ruby - Knowledge and experiences of cloud services (Azure..."
https://kr.indeed.com/jobs?q=e5cf3dda5a485def,[NAVER Z] 3D 리거,성남 분당구,,"있는 분이 필요합니다.- 협업을 우선시하고, 열린 자세로 업무에 임할수 있는 분이 필요합니다.우대사항- Python 등 스크립트 작업이 가능하신 분을 선호합니다.- Unity 경험이 있으신 분을 선호합니다.- 항상 능동적인..."
https://kr.indeed.com/jobs?q=834db148c2e3c7b5,앱가드 Android 개발,성남 판교역,,"모바일 앱의 해킹 탐지 및 방어 엔진 개발 - 모바일 보안 기술 연구 - C/C++, Java, Python 언어 중 하나 이상을 이용한 개발 경력 2년 이상 - 보안 관련 지식 - 모바일 보안 솔루션 개발 경험..."
https://kr.indeed.com/jobs?q=32b582209ad53166,Sr Technical Support Engineer,서울,,"roles Strong experience in software development in Java... Python. Experience in SQL, ArcGIS, or Oracle DBMS is desirable..."
https://kr.indeed.com/jobs?q=8c125d2ddacbec6e,[SNOW] 렌더링 엔진 개발자,성남 분당구,,"토링, 디자인 패턴, ReactiveX 활용 경험- Java, Swift(Objective C), Lua, Python 등 다양한 언어 경험- Computer Graphics 이해- Image Processing 이해 인터넷..."
https://kr.indeed.com/jobs?q=2f209edc482fdad4,"Senior System Software Engineer, DRIVE OS and BSP",서울,,"SoC architectures... chip components. Strong knowledge of C/C++/ Python, QNX... Linux OS. Understanding of CPU/GPU..."
https://kr.indeed.com/jobs?q=b5b3a1f9215de179,[TL] MMORPG 클라이언트 프로그래머 모집,성남 판교역,,"텐츠 개발 경험 우대사항 - Unreal Engine 에 대한 이해 - 블루프린트, UMG 에 대한 이해 - Python, Design Pattern, 게임 수학 제출서류 포트폴리오(선택사항) 전형단계 서류전형 1차 면접..."
https://kr.indeed.com/jobs?q=8a951dcf7c36065e,Vocational Training Program Intern (Developer/Researcher Rol...,서울,,"one or more programming languages (e.g. C, C++, Python, JavaScript, Typescript, etc.) Intermediate communication skills..."
https://kr.indeed.com/jobs?q=2642a83874ea6bab,"영상처리, 컴퓨터 비전 전문가 (신입/경력)",성남 수정구,"연봉 30,000,000원 - 35,000,000원","인원 [담당업무] Python, C++, MFC, C를 이용하여 - OpenCV 로 Visual SLAM 개발- MFC, Python을 이용하여 GUI... 통신·모바일·게임>응용프로그래머> Python|인터넷·IT·통신·모바일·게임..."
https://kr.indeed.com/jobs?q=ad4759024e053193,[SAPEON Korea] Core 부문 개발자,성남 분당구,,인터넷·IT·통신·모바일·게임>웹프로그래머>ASP.NET|인터넷·IT·통신·모바일·게임>웹프로그래머> Python|인터넷·IT·통신·모바일·게임>웹프로그래머>프론트엔드|인터넷·IT·통신·모바일·게임>웹프로그래머>백엔드|인터넷...
https://kr.indeed.com/jobs?q=a5e926e1d22cdc11,각 분야별 인재 Pool 등록,서울,,"자 - 데이터 분석 툴(Adobe Analytics 또는 Google Analytics) 유경험자 우대 - Python, R, SQL 역량 보유자 우대 - 데이터에 기반한 문제해결 능력 및 통계학적 지식 보유자 우대 - 담당..."
https://kr.indeed.com/jobs?q=fb8f5764cdbe3c39,"Customer Solutions Engineer, Global Client and Agency Soluti...",서울,,"general purpose programming language (e.g., Java, C/C++, Python). Ability to speak and write in English and Korean fluently..."
https://kr.indeed.com/jobs?q=3d1690b2dd2249f8,"[K디지털 트레이닝] 전액 국비지원 IT취업연계 교육 빅데이터, 인공지능",서울 마포구,,개발전문과정 인터넷·IT·통신·모바일·게임>웹프로그래머>JAVA|인터넷·IT·통신·모바일·게임>웹프로그래머> Python|인터넷·IT·통신·모바일·게임>빅데이터·AI(인공지능)>빅데이터|인터넷·IT·통신·모바일·게임>빅데이터...
https://kr.indeed.com/jobs?q=733b814969bff5a7,Jr. Back-end Engineer (Python),서울 강남구,,"이런 분을 찾아요 2년 이상의 Python을 활용한 백엔드 개발 업무를 수행한 경험이 있으신 분 Django, Django Rest Framework, Flask 등의 Python web framework를 사용하여..."
https://kr.indeed.com/jobs?q=b955c9f452035bd8,[KSTEC] 통계/Analytics 신입 및 경력사원,성남 분당구,,"지능화 (의사결정 자동화) 시스템 개발 (SPSS, SAS, R, Python, Java 기반)2. 기업용 데이터과학 & 인공지능 플랫폼 솔루션3... 게임>빅데이터·AI(인공지능)> Python|인터넷·IT·통신·모바일·게임..."
https://kr.indeed.com/jobs?q=dd48308dcebc1469,"Customer Engineer, Google Cloud Customers",서울 강남구,,"scripting/programming languages: Java, Go, Kotlin, C#, Python, Perl... Shell Scripting.Ability to rapidly prototype..."
https://kr.indeed.com/jobs?q=ec28b4a12fadf567,BigData 개발 및 운영 담당 영입,성남 분당구,,빅데이터·AI(인공지능)>빅데이터|인터넷·IT·통신·모바일·게임>빅데이터·AI(인공지능)> Python|인터넷·IT·통신·모바일·게임>ERP·시스템분석·설계>빅데이터|인터넷·IT·통신·모바일·게임>응용프로그래머> Python
https://kr.indeed.com/jobs?q=5ab0b45dfa93411b,Data Engineer 신입사원,서울 강남구,,"분류, 개인정보 비식별화, 불량 코퍼스 필터링 등 다양한 ML 프로젝트 (예정)[자격요건]- Julia / Python / R 중에서 자신 있는 프로그래밍 언어가 있는 분- 하나의 데이터도 놓치지 않고 꼼꼼하게 관리할 수..."
https://kr.indeed.com/jobs?q=57c927fa9bf5856f,AI(딥러닝) 개발 경력,서울 성동구,,"프로그래밍을 하고 싶은 자(개발 경력 2년 이상)- 직급/직책 : 면접 후 결정- 개발환경 : linux, python, tensorflow, keras, raspberypi 등5. 우대사항- 전기/전자공학, 컴퓨터/시스템공..."
https://kr.indeed.com/jobs?q=112db0c64f7899b8,[한국필립모리스] 각 부문,서울 영등포구,,통신·모바일·게임>웹프로그래머> Python|인터넷·IT·통신·모바일·게임... 용프로그래머>자바스크립트|인터넷·IT·통신·모바일·게임>응용프로그래머> Python|인터넷·IT·통신·모바일·게임>시스템프로그래머>펌웨어·어셈블러|인터...
https://kr.indeed.com/jobs?q=11d06a906dfe933f,"JAVA, Python 경력 정규직",서울 서초구,,"(주)마인케이 JAVA, Python 경력 정규직 채용 모집부문 및 자격요건 담당업무 자격요건 인원 [담당업무]자바, 코틀린, 파이썬, 개발 및 응용프... 로그래머>JAVA|인터넷·IT·통신·모바일·게임>응용프로그래머> Python"
https://kr.indeed.com/jobs?q=40de6a4b81f8724f,[전문연구요원 신규편입/전직] 의료영상/음성인식/생체신호 연구원,서울 서초구,,인공지능)>텍스트마이닝|인터넷·IT·통신·모바일·게임>빅데이터·AI(인공지능)>인공지능(AI)|인터넷·IT·통신·모바일·게임>빅데이터·AI(인공지능)> Python|인터넷·IT·통신·모바일·게임>빅데이터·AI(인공지능)>딥러닝
https://kr.indeed.com/jobs?q=e11919aa1a40d234,Software Intern,서울,,"good communication skills Good Programming Skills in C#, C, Python Understanding of attached peripherals (I2C, SPI) Basic..."
https://kr.indeed.com/jobs?q=84329a66291839cd,각 부문별,서울 강남구,,통신·모바일·게임>응용프로그래머> Python|인터넷·IT·통신·모바일·게임... W 엔지니어|인터넷·IT·통신·모바일·게임>빅데이터·AI(인공지능)> Python|유통·물류·운송·운전>유통·상품기획·MD>상품MD|유통·물류·운송...
https://kr.indeed.com/jobs?q=733b814969bff5a7,Jr. Back-end Engineer (Python),서울 강남구,,"이런 분을 찾아요 2년 이상의 Python을 활용한 백엔드 개발 업무를 수행한 경험이 있으신 분 Django, Django Rest Framework, Flask 등의 Python web framework를 사용하여..."
https://kr.indeed.com/jobs?q=7f3f57623d469750,각 부문별,서울 영등포구,,바스크립트|인터넷·IT·통신·모바일·게임>응용프로그래머>클라우드|인터넷·IT·통신·모바일·게임>응용프로그래머> Python|인터넷·IT·통신·모바일·게임>응용프로그래머>SAP·ABAP|인터넷·IT·통신·모바일·게임>웹프로그래머...
https://kr.indeed.com/jobs?q=21d2c5a3f43370e1,[ HDC 랩스 ] 2022년 상반기 경력,성남 분당구,,인터넷·IT·통신·모바일·게임>웹프로그래머>백엔드|인터넷·IT·통신·모바일·게임>빅데이터·AI(인공지능)> Python|인터넷·IT·통신·모바일·게임>빅데이터·AI(인공지능)>빅데이터|인터넷·IT·통신·모바일·게임>네트워크...
https://kr.indeed.com/jobs?q=c7cf3ae03de76f24,[체험형 인턴] 데이터 분석,서울,,"통계, 컴퓨터공학 등 관련 전공 석사 이상 재학중인 분 - 데이터 분석 관련 인턴 업무를 경험해보신 분 - Python/R 등을 이용한 데이터 분석 업무가 가능하신 분 - 데이터를 통해 비즈니스/일상의 문제를 분석하고 실제로..."
https://kr.indeed.com/jobs?q=19da3484bd7a72f1,Machine Learning R&D 연구원,서울 서초구,,"가능) ㆍ최신 딥러닝, 기계학습 이론에 대한 이해 및 구현 역량 ㆍ Python, TnsorFlow, C/C++, TensorRT 등 프로그래밍 실무... 대한 이해 및 구현 역량 ㆍ Python, TnsorFlow, C/C++..."
https://kr.indeed.com/jobs?q=aac8e9355cb855ac,[인재풀] 아티스트 ART,서울,,Maya or 3D Max등의 아트웍 툴 사용 경험 Max script 또는 Mel Script의 사용 경험 C# 또는 Python 언어에 대한 이해 및 활용 능력 아트웍 관련 툴 제작 또는 플러그인 제작 경험
https://kr.indeed.com/jobs?q=c35e0100a6fa97dd,각 부문별,서울 강남구,,응용프로그래머>클라우드|인터넷·IT·통신·모바일·게임>응용프로그래머> Python|인터넷·IT·통신·모바일·게임>웹프로그래머>JAVA|인터넷·IT·통신... 게임>빅데이터·AI(인공지능)> Python|인터넷·IT·통신·모바일·게임...
https://kr.indeed.com/jobs?q=e30fe92d72ceb17c,"자율 주행, 로봇 SW 개발자",성남 수정구,,"(주)에바 모집부문 및 자격요건 모집부문 담당업무 자격요건 인원 자율주행 SW 엔지니어 Python응용SW [담당업무]ROS 개발, 로봇 주행 알고리즘 개발, SW Optimization[근무부서 및 직급/직책]근무부서: 개발팀..."
https://kr.indeed.com/jobs?q=45b22fa764b0dae9,"빅데이터, 인공지능(AI) 외 신입 인턴",서울 종로구,"월급 2,000,000원",AI(인공지능)>인공지능(AI)|인터넷·IT·통신·모바일·게임>빅데이터·AI(인공지능)>데이터분석|인터넷·IT·통신·모바일·게임>빅데이터·AI(인공지능)> Python|인터넷·IT·통신·모바일·게임>빅데이터·AI(인공지능)>R
https://kr.indeed.com/jobs?q=882e071610c0a8cd,ICT 경력사원,성남 분당구,,"서비스 개발 경험 - 데이터 분석 서비스 개발 관련 툴 활용 경험( Python, R, Java 등) 주요업무 스마트 팩토리 및 스마트 제품/서비스... Database, .NET, Java, Python 등 시스템(SW..."
https://kr.indeed.com/jobs?q=87309d3ff40ead61,딥러닝 AI 개발 연구원,성남 수정구,,시스템프로그래머>임베디드(Embedded)|인터넷·IT·통신·모바일·게임>응용프로그래머>C·C++|인터넷·IT·통신·모바일·게임>응용프로그래머>Linux|인터넷·IT·통신·모바일·게임>빅데이터·AI(인공지능)> Python
https://kr.indeed.com/jobs?q=7585ef1908280606,데이터표준화 부문 경력,서울 강남구,,"관리 2. 자격 요건 1) 필수 · Hadoop 데이터 플랫폼 사용 경험 · SQL, Spark(Scala, Python)등 데이터 처리 언어 1종 이상 숙련 · 대규모 트래픽 서비스, 대용량 배치처리 시스템의 Backend..."
https://kr.indeed.com/jobs?q=1750764e7fad99ec,[키움투자자산운용] 자산배분전략팀 팀원 (사원~대리급),서울 영등포구,,및 우대사항 금융·보험·증권>투자·분석·증권·외환>자산관리|인터넷·IT·통신·모바일·게임>응용프로그래머> Python|인터넷·IT·통신·모바일·게임>소프트웨어·하드웨어>소프트웨어|마케팅·광고·홍보·조사>조사·분석·통계>설문...
https://kr.indeed.com/jobs?q=5ab0b45dfa93411b,Data Engineer 신입사원,서울 강남구,,"분류, 개인정보 비식별화, 불량 코퍼스 필터링 등 다양한 ML 프로젝트 (예정)[자격요건]- Julia / Python / R 중에서 자신 있는 프로그래밍 언어가 있는 분- 하나의 데이터도 놓치지 않고 꼼꼼하게 관리할 수..."
https://kr.indeed.com/jobs?q=5c9f84f18b1b4944,2022 데이터 사이언티스트 부문,서울 강남구,,인터넷·IT·통신·모바일·게임>ERP·시스템분석·설계>딥러닝|인터넷·IT·통신·모바일·게임>빅데이터·AI(인공지능)>머신러닝|인터넷·IT·통신·모바일·게임>빅데이터·AI(인공지능)> Python
https://kr.indeed.com/jobs?q=091fcae435f75a05,2022년 상반기 부문별 공개,서울 강남구,,통신·모바일·게임>웹프로그래머> Python|인터넷·IT·통신·모바일·게임... 용프로그래머>자바스크립트|인터넷·IT·통신·모바일·게임>응용프로그래머> Python|인터넷·IT·통신·모바일·게임>응용프로그래머>가상현실(VR)|인터넷...
https://kr.indeed.com/jobs?q=ccd4f5407a32ba6a,Data Scientist,서울,,"analysis a plus, Programming... scripting exp.: eg. Python, C#, VBA, Java, Perl, etc. Experience in applied analytics..."
https://kr.indeed.com/jobs?q=22ffe020e40de675,[포티투마루] 인공지능(AI) 개발자 전 부문,서울 서초구,,인터넷·IT·통신·모바일·게임>빅데이터·AI(인공지능)> Python|인터넷·IT·통신·모바일·게임>빅데이터·AI(인공지능)>머신러닝|인터넷·IT·통신·모바일·게임>빅데이터·AI(인공지능)>딥러닝|인터넷·IT·통신·모바일·게임...
https://kr.indeed.com/jobs?q=e1f6164f1d03449a,주식회사 데이터스트림즈 기술연구소 Python/Java 개발자,성남 분당구,,데이터스트림즈 기술연구소 Python/Java 개발자 채용 모집부문 및 자격요건 담당업무 자격요건 우대사항 Python/Java 개발 직군 경력직... 통신·모바일·게임>웹프로그래머> Python|인터넷·IT·통신·모바일·게임...
https://kr.indeed.com/jobs?q=e7c8c2b11f24fb43,Software Engineer,서울,,"languages, including... limited to: C++, Java, C and Python. Excellent written and verbal communication skills. About..."
https://kr.indeed.com/jobs?q=13059ac76a29fa54,Data Engineer (Python Backend 경력자),서울 서초구,,데이터·AI(인공지능)> Python|인터넷·IT·통신·모바일·게임>응용프로그래머>인공지능(AI)|인터넷·IT·통신·모바일·게임>응용프로그래머>클라우드|인터넷·IT·통신·모바일·게임>응용프로그래머> Python|인터넷·IT·통신...
https://kr.indeed.com/jobs?q=ebd9b7e972f551fc,서버 개발자 Python(Django) Developer (신입/경력),서울 마포구,,유관직무 경력자 서버 개발자 Python(Django) Developer... 있습니다.■ 자격 요건 인터넷·IT·통신·모바일·게임>웹프로그래머> Python|인터넷·IT·통신·모바일·게임>웹프로그래머>웹개발|인터넷·IT·통신...
https://kr.indeed.com/jobs?q=8164d5e7100c5968,AI Frameworks Engineer Intern,서울,,Basic knowledge of deep learning technologies Programming with Python or Shell script Education Students who are currently...
https://kr.indeed.com/jobs?q=cb4eca654b2c2901,[TmaxEdu/R&D] 연구 개발자,성남 분당구,,"CSS, JavaScript, TypeScript [Server 개발(사용 언어)] - Java, Python, SQL [Framework(사용 언어)] - React.js, Spring [입사 지원 시 참고 사항..."
https://kr.indeed.com/jobs?q=19beeb5c7f50c5b4,데이터 사이언티스트,서울,,맞게 데이터 모델 및 스키마를 꾸준히 개발 및 발전 * 이런 역량을 가지신 분을 찾습니다. - SQL / Python / R 등 데이터 분석 업무를 수행할 수 있는 하나 이상의 개발 언어를 경험하신 분 - 통계 지식에 대한...
https://kr.indeed.com/jobs?q=20c20d5b4ade577d,C++ Developer for High Performance Cloud Database,서울,,"C++ Experience in multi-thread programming Experience in SQL, Python, Git Experienced... development on Linux environment..."
https://kr.indeed.com/jobs?q=3cd339cf8959f44d,생명정보학 부문 박사졸 선임연구원 정규직 정규직,서울 서대문구,"연봉 50,000,000원 - 60,000,000원","- Python or R 활용가능 -Linux terminal 능숙 -생물학... 생명정보학, 생물정보학-외국어: 영어 회화가능,독해가능,작문가능- Python or R 활용가능- Linux terminal 능숙- 생물학 기초 수강..."
https://kr.indeed.com/jobs?q=b9d4defa6e2b7739,"[TmaxMetaverse/R&D] 게임 엔진, 게임 서버, 메타버스 스튜디오 개발자",성남 분당구,,"유경험자 - 리액트 기반 개발 유경험자 [주 사용 언어] - C++, C# - Java Script - Python - Spring, React - HTML [지원 시 참고 사항] - 기술, 경험, 지식 등이 상세히 담긴..."
https://kr.indeed.com/jobs?q=c35e9b72a11aa338,[신입/경력] 의료영상/음성인식/생체신호 연구원,서울 서초구,,게임>빅데이터·AI(인공지능)>인공지능(AI)|인터넷·IT·통신·모바일·게임>빅데이터·AI(인공지능)>딥러닝|인터넷·IT·통신·모바일·게임>응용프로그래머>C·C++|인터넷·IT·통신·모바일·게임>응용프로그래머> Python
https://kr.indeed.com/jobs?q=5fa942bd615ebd27,[TmaxAI/R&D] NLP(자연어/문서/음성)부문 개발자,성남 분당구,,"DB 개발 경험이 있으신 분 [음성, 자연어처리] -관련 분야의 연구 경험 / 기본 지식 보유자 -기본적인 Python 프로그래밍이 가능하신 분 우대사항 [리더급] -전반적으로 인공지능 자연어/문서처리 기술에 대한 이해가..."
https://kr.indeed.com/jobs?q=71c47ac87bb4087e,기술 인턴 인공지능 응용 연구/개발 인턴,서울 관악구,,"6개월) (협의) *모집 절차: 서류 à인터뷰(오프라인) *지원 자격: 프로그래밍 언어 활용 능력: Python, C, C++ 중 1가지 이상 데이터구조, 알고리즘 과목 이수 머신러닝과 딥러닝의 기본 개념 이해 머신러닝..."
https://kr.indeed.com/jobs?q=1cc1afbf291844f2,Data Scientist (IBM Client Engineering),서울,,"derive meaningful data insights (e.g., Python, R, Spark, TensorFlow, Jupyter, etc... language... Python or R Preferred..."
https://kr.indeed.com/jobs?q=2c9ffcc9fd90342d,Looking for Developer with Python language for NFT Generator,서울•원격 근무,,"Hello! We are STEA team, a startup creating NFT marketplace and NFT launchpad! One of our features will include a NFT..."
https://kr.indeed.com/jobs?q=8cc372a6b78679b1,"인공지능(AI), Python(응용프로그램 개발자) 외 신입/경력 정규직",서울 성북구,"연봉 25,000,000원 - 30,000,000원","(주)쿠노소프트 인공지능(AI), Python 외 신입/경력 정규직 채용... 래머>인공지능(AI)|인터넷·IT·통신·모바일·게임>응용프로그래머> Python|인터넷·IT·통신·모바일·게임>응용프로그래머>Visual C++(MFC..."
https://kr.indeed.com/jobs?q=a0c7a150ee54bf18,Developer - Cloud Infrastructure,서울,,Your tasks will include developing a python based scalable job execution platform... development with Python Experience...
https://kr.indeed.com/jobs?q=14d562d10c215572,"PHP, Python 신입/경력 정규직",서울 금천구,,"주식회사 비즈부스터 PHP, Python 개발자 채용 모집부문 및 자격요건 담당업무 자격요건 인원 [담당업무]*당사의 서비스(비즈탑) 솔루션 및 서비... 프로그래머>PHP |인터넷·IT·통신·모바일·게임>웹프로그래머> Python"
https://kr.indeed.com/jobs?q=82d47e44be45bb97,Junior Structural Engineer,서울,,"365. Structural Modeling software : Midas, Sofistik… IT language: Python (nice to have) . Job Segment: Structural Engineer..."
https://kr.indeed.com/jobs?q=df86d9b3c5f1ead7,5G R&D 소프트웨어 개발자,서울,,"Erlang, Java, Python Domain experience... 프로그래밍 언어: C, C++ (필수) / Erlang, Java, Python(우대) 기술 분야: 라디오 엑세스 네트워크, 5G NR, LTE..."
https://kr.indeed.com/jobs?q=adbd22b4349f9825,2022년도 1차 계약직,대전 유성구,,"부전공): 전자, 컴퓨터, 멀티미디어, 산업공학 등 이공계열 응용·시스템 SW 프로그래밍(C/C++/C#/ Python 등) 기술 응용·시스템 통합 개발 기술 3D 그래픽 엔진(언리얼/유니티 등) 프로그래밍 기술 석사 이상 2..."
https://kr.indeed.com/jobs?q=ca42174fece4f1e7,[HDC 랩스] 2022년 상반기 경력,서울특별시,,"Spring, node.js, python 프레임워크를 활용한 서버 개발... 전공 무관 ㆍ총경력 : 4년 이상~8년 이하 ㆍ Python 개발 경력 4년 이상 - Python 서버 (Backend) 개발 경력 4년 이상 - 웹..."
https://kr.indeed.com/jobs?q=4d6fa0f1b9726d7c,디지털 미디어 매니저(퍼포먼스&브랜딩) 신입/경력,서울 서초구,,[우대 요건] 1) 마케팅 전공자 2) 영어 커뮤니케이션 가능자 3) Python을 통한 프로그래밍 가능자 4) 구글 및 페이스북 셀프서브 가능자 5) GA 및 써드파티 트래커 활용 가능자 마케팅·광고·홍보·조사>마케팅>온라인마케팅
https://kr.indeed.com/jobs?q=df21e3bb5d773616,Python Programmer,서울 서초구,,개발 – JAVA 프로그래밍(라이브러리 활용) – Spring 프레임 워크 개발 – Python API 프로그래밍 우대사항 – Python 개발 경험 – Open Source 라이브러리 개발경험 – Web 표준에 대한 경험...
https://kr.indeed.com/jobs?q=0699e6dbb5a0ec38,Software Engineer,서울,,"skills with co-worker Good Programming Skills in C#, C, Python Embedded FW development Generate GUI (Graphic User..."
https://kr.indeed.com/jobs?q=b03b8655f632f8f0,[네오컨버전스] 딥러닝 개발자 신입/경력 정규직,서울 성동구,,"부설연구소 [자격요건]신입, 경력(연차무관)대학교(4년)졸업 이상- Python 개발 가능자- Pytorch 딥러닝 프레임 워크 경험자- 딥러닝 이해... 게임>빅데이터·AI(인공지능)> Python|인터넷·IT·통신·모바일·게임..."
https://kr.indeed.com/jobs?q=98a3e3328fec92db,데이터 엔지니어,서울,,"end pipeline의 개발 ( Python, Airflow, k8s 활용... 데이터베이스 등 기본적인 전산 지식에 대한 이해를 갖추신 분 - Python / Java / Scala / Kotlin / Go 등의 언어로 개발..."
https://kr.indeed.com/jobs?q=444fc14aa330a211,네이버 파이낸셜 플랫폼 운영,성남 삼평동,,"Docker(kubernetes) 및 어플리케이션 배포 전략 지식 보유 - Shell script, python 및 web framework 등 기타 프로그래밍 언어 활용 가능 - 국가보훈대상자 및 장애인은 법령에 의거..."
https://kr.indeed.com/jobs?q=016de9bb83a8032d,JR0186078 AI Research Engineer Intern,서울,,"architectures, and optimization strategiesProgramming skills with Python/C++Experience working with one or more deep learning..."
https://kr.indeed.com/jobs?q=8a951dcf7c36065e,Vocational Training Program Intern (Developer/Researcher Rol...,서울,,"one or more programming languages (e.g. C, C++, Python, JavaScript, Typescript, etc.) Intermediate communication skills..."
https://kr.indeed.com/jobs?q=ef62b0e22d2dd6a2,[kt ds]2021년 각 부문별 경력사원 수시,서울 서초구,,"W), C/C++,.NET Core, DB(Oracle, MySQL, PostgreSQL, PL/SQL), Python 등 인터넷·IT·통신·모바일·게임>전산·IT기술지원>S/W 엔지니어|인터넷·IT·통신·모바일·게임>ERP..."
https://kr.indeed.com/jobs?q=8431ae82f2f68208,Renewable Energy Analyst,서울,,"other solar energy modeling tools; Experience utilizing Python, R or Matlab (or similar) for statistical analysis and data..."
https://kr.indeed.com/jobs?q=7d205770c41f1c8b,현대백화점 데이터기획팀 데이터 분석/기획 경력,서울 삼성역,,"Tableau등 OLAP툴 활용 대시보드 구성 및 분석 결과 리포팅 수행 경험 - 중급 이상의 R, Python, SQL 역량 및 데이터 핸들링(추출/전처리(EDA)/요약 등) 역량 보유 - 클라우드(또는 온프..."
https://kr.indeed.com/jobs?q=e91b5984e7f5d3fd,"데이터베이스개발자, 웹개발 신입/경력 정규직",서울 영등포구,"연봉 36,000,000원 - 60,000,000원","개발자 ㆍCss/html 등 웹디자인 관련 유경험자 ㆍ자바스크립트, Python, C++, 닷넷 등 ㆍNode, Selenium, electron... 관련 유경험자ㆍ자바스크립트, Python, C++, 닷넷 등 ㆍNode..."
https://kr.indeed.com/jobs?q=872035f47cfd4850,자산운용팀 전략/리스크팀 퀀트(겨울방학 인턴),대한민국,,공자의 경우 관련 과목 12학점 이상 이수 - Microsoft 엑셀 능숙자 선택 사항 (평가 가산점) - Python 또는 VBA 등 코딩 Skill 보유 - 관련 업종에서 2개월 이상 인턴쉽 또는 근무 경력 보유 - 관련...
https://kr.indeed.com/jobs?q=90ad95e46ab20a37,Network Engineer,서울 중구,,Cloud Network 관련 1년 이상- 학력/전공 : 무관이런 경험이 있다면더욱 좋습니다.우대사항- Python/Shell script 활용 가능자- Cloud 및 Network 관련 자격증 보유자 인터넷·IT·통신·모바...
https://kr.indeed.com/jobs?q=b955c9f452035bd8,[KSTEC] 통계/Analytics 신입 및 경력사원,성남 분당구,,"지능화 (의사결정 자동화) 시스템 개발 (SPSS, SAS, R, Python, Java 기반)2. 기업용 데이터과학 & 인공지능 플랫폼 솔루션3... 게임>빅데이터·AI(인공지능)> Python|인터넷·IT·통신·모바일·게임..."
https://kr.indeed.com/jobs?q=4cc15c26097421c5,"개발자 - Python 프로그래밍과 Java, C 소스코드 분석",서울 송파구,,"자격요건 인원 [담당업무]개발자 - Python 프로그래밍과 Java, C 소스코드 분석[근무부서 및 직급/직책]근무부서: 엔터프라이즈 솔루션직급/직책: 팀원, 대리, 차장 [필요기술]ㆍ Python 프로그래밍과 Java, C..."
https://kr.indeed.com/jobs?q=eba169ad2f8bfa95,Sr. Application Engineer - EBS,경기도 성남,,"programming language like Visual Basic, VBScript, or Python is also highly desirable Programming Skills like C language..."
https://kr.indeed.com/jobs?q=3544467a7b64376f,[전문연구요원] 의료영상 리서치 엔지니어 정규직,서울 마포구,,"학력무관직무기술: VISUALC++, 응용프로그래밍, C·C++, Python, AI개발 2 명 근무조건 고용형태: 정규직(수습기간3개월)근무부서... 머신러닝(ML)|인터넷·IT·통신·모바일·게임>응용프로그래머> Python"
https://kr.indeed.com/jobs?q=3d1690b2dd2249f8,"[K디지털 트레이닝] 전액 국비지원 IT취업연계 교육 빅데이터, 인공지능",서울 마포구,,개발전문과정 인터넷·IT·통신·모바일·게임>웹프로그래머>JAVA|인터넷·IT·통신·모바일·게임>웹프로그래머> Python|인터넷·IT·통신·모바일·게임>빅데이터·AI(인공지능)>빅데이터|인터넷·IT·통신·모바일·게임>빅데이터...
https://kr.indeed.com/jobs?q=c5c6ebe82bf299da,[전액무료] IT취업 JAVA기반 프론트엔드&백엔드 개발 국비교육생,서울 종로구,,통신·모바일·게임>웹프로그래머> Python|인터넷·IT·통신·모바일·게임... 데이터분석|인터넷·IT·통신·모바일·게임>빅데이터·AI(인공지능)> Python|인터넷·IT·통신·모바일·게임>빅데이터·AI(인공지능)>머신러닝|인터넷...
https://kr.indeed.com/jobs?q=025b89990231eea6,[대형증권사] 자산배분전략 수립/모델개발,서울 강남구,,통신·모바일·게임>웹프로그래머>JAVA|인터넷·IT·통신·모바일·게임>웹프로그래머>프론트엔드|인터넷·IT·통신·모바일·게임>웹프로그래머> Python|인터넷·IT·통신·모바일·게임>웹프로그래머>HTML·DHTML·mHTML
https://kr.indeed.com/jobs?q=9720582e65044101,이공계 우수인력 희망기업,서울,,과정명 연수지역 연수기관 연락처 경기도경제과학진흥원 JAVA와 파이썬( Python)기반 빅데이터 분석 양성 서울 031-259-6067 동양미래대학교... 게임>빅데이터·AI(인공지능)> Python|인터넷·IT·통신·모바일·게임...
https://kr.indeed.com/jobs?q=b9e398dad2b59007,"[대기업] 딥러닝 (AI, 영상인식) 전문가 (석박사급)",서울,,공지능)>딥러닝|인터넷·IT·통신·모바일·게임>빅데이터·AI(인공지능)> Python|인터넷·IT·통신·모바일·게임>빅데이터·AI(인공지능)>데이터분석... 통신·모바일·게임>응용프로그래머> Python|인터넷·IT·통신·모바일·게임...
https://kr.indeed.com/jobs?q=c74de92014f38ce0,KDI 직원,세종특별자치시 세종,,"관기관 및 국제기구 포함) 우대, 영어 및 제2외국어 능통자 우대, 통계프로그램(STATA) 및 프로그래밍( Python) 활용 능력 겸비자 우대(2명 이내) * 정규직, 무기계약직의 계약은 최초 3개월 수습기간 계약 후 평가..."
https://kr.indeed.com/jobs?q=ce00cf0fe3bbd130,[실내배송로봇 연구개발] - Computer Vision & Machine learning,서울 강서구,,개발 경험- C / C++ or Python 이해 및 개발 능숙[우대사항... Object pose estimation개발 경험- C / C++ or Python 이해 및 개발 능숙[우대사항]- CUDA 프로그래밍 개발 경험...
https://kr.indeed.com/jobs?q=cae2de07045cfb2b,"Java, Python 영상툴 개발자",서울 마곡동,,원하면 가능) 담당업무 - 영상 라벨링 Tool 개발 - Tool 정확성 개선 자격요건 - Java - Python 우대사항 - 관련 개발 경력 - 툴개발 경력 근무조건 - 월~금 AM9:30 ~ PM18:30 복지...
https://kr.indeed.com/jobs?q=b14fdb9121c0a3f4,2021년 이공계 전문여성 아카데미 인턴십() 참여기업,서울 강남구,,통신·모바일·게임>빅데이터·AI(인공지능)>데이터분석|인터넷·IT·통신·모바일·게임>빅데이터·AI(인공지능)> Python|인터넷·IT·통신·모바일·게임>빅데이터·AI(인공지능)>머신러닝|인터넷·IT·통신·모바일·게임>빅데이터...
https://kr.indeed.com/jobs?q=6624d0a829db2d49,[펜타시큐리티] 보안S/W 개발자 (웹/인증/DB/클라우드),서울 영등포구,,인터넷·IT·통신·모바일·게임>웹프로그래머>JAVA|인터넷·IT·통신·모바일·게임>웹프로그래머> Python|인터넷·IT·통신·모바일·게임>응용프로그래머>C·C++|인터넷·IT·통신·모바일·게임>응용프로그래머>JAVA|인터넷...
https://kr.indeed.com/jobs?q=b6950e35673a5474,[SAPEON Korea] SDK 부문 개발자,성남 분당구,,인터넷·IT·통신·모바일·게임>웹프로그래머>ASP.NET|인터넷·IT·통신·모바일·게임>웹프로그래머> Python|인터넷·IT·통신·모바일·게임>웹프로그래머>프론트엔드|인터넷·IT·통신·모바일·게임>웹프로그래머>백엔드|인터넷...
https://kr.indeed.com/jobs?q=3fbf16cd38fd66c8,Software Developer & Verification,서울,,"Programming Language and skillset: Java(preferred), C++, Python, CI Environment, Shell Script Native Korean and business..."
https://kr.indeed.com/jobs?q=35869b81b2eb4594,﻿[Synopsys Korea] Training & Hiring Program,서울 노원구,,"수 있는 의사소통능력 우대사항 EDA Tool 개발 및 사용 경험이 있으신 분 스크립트 언어(bash, Python, TCL, Perl)를 다뤄본 경험이 있으신 분 AI & ML 분야에 관련한 깊은 경험 및 심화 지식이..."
https://kr.indeed.com/jobs?q=752a4b5d63eac97c,Sr. Back-end Engineer (Python),서울 강남구,,"관리합니다. 개발 언어 : Python 개발 환경 및 도구 : Django... 이상의 백엔드 개발 경험, 또는 이에 준하는 역량을 가지신 분 Python 및 Python web framework를 활용한 백엔드 개발에 거부감이..."
https://kr.indeed.com/jobs?q=754be9e3d78fa802,2021년 상반기 R&D 개발자 (병역특례 가능/경력 무관),인천 연수구,,"담당업무: - 블루투스 메시 기반 위치 추적 솔루션 개발 - 상기 솔루션의 임베디드 펌웨어 개발 - C(필수), Python, Javascript 프로그래밍 언어 사용 - 기술 지원 [자격요건] 경력사항: 무관 (신입도 지원..."
https://kr.indeed.com/jobs?q=485252a8f28fa0f8,데이터 사이언티스트 전문가,서울특별시,,"개발 경험 . 자연어처리/시계열 분석/머신러닝/데이터 마이닝 알고리즘 이론 및 실무 적용에 대한 깊은 이해 . Python Data & Analytics 라이브러리 경험 (NLTK, Spacy, Scikit-Learn..."
https://kr.indeed.com/jobs?q=de4846ca13ae739e,"Graduate Software Engineer, Linux-based development",서울,,"you apply here. Our primary software engineering stack is Python, Golang, React, Rust and Kubernetes... course we touch..."
https://kr.indeed.com/jobs?q=87e6d02f116aab21,"[입사축하금100만원, 전문연구요원] 데이터사이언티스트 / 영상인식 개발자",서울 금천구,,"문제 해결 경험 보유자ㆍSQL, Python, R 등 통계/분석 프로그램... 빅데이터·AI(인공지능)> Python|인터넷·IT·통신·모바일·게임>응용프로그래머>C·C++|인터넷·IT·통신·모바일·게임>응용프로그래머> Python"
https://kr.indeed.com/jobs?q=c4145dce440c02f8,[전문연구요원 신규편입/전직] SW Engineer/Backend/Frontend 개발자,서울 서초구,,백엔드|인터넷·IT·통신·모바일·게임>웹프로그래머>프론트엔드|인터넷·IT·통신·모바일·게임>웹프로그래머> Python|인터넷·IT·통신·모바일·게임>응용프로그래머>Linux|인터넷·IT·통신·모바일·게임>응용프로그래머>인공지능...
https://kr.indeed.com/jobs?q=4a0a00afe9aa08f7,웹개발자 신입 피아스페이스(주),서울 서초구,"월급 2,000,000원","츠관리 등)서비스 로직 설계, 구현, 배포데이터베이스 설계, 연동, 데이터 입출력- 필요업무역량 . Python Django . SQL 쿼리문, MySQL, [우대] 클라우드 DB . 서비스 설계, 제안, Discussion..."
https://kr.indeed.com/jobs?q=43835708050a81c8,[TmaxAI/R&D] AI & FinTech 부문 프론트엔드 개발자,성남 분당구,,"전산관련 전공 - 반응형 디자인, 웹 접근성, 웹 표준을 고려한 UI 개발 경험이 있는 분 - Node.js, Python, PHP와 같은 다양한 언어 및 프레임워크 경험이 있는 분 - 테스트 및 배포 자동화 경험이 있는 분..."
https://kr.indeed.com/jobs?q=cd919aed133f6b4d,빅데이터분석 수시 채용,서울 을지로2가,,"대사항] - 빅데이터 분석 프로젝트 Leading 경력 - 보건의료 빅데이터 분석 경력 - SAS, R, Python 등 프로그래밍 가능자 - 머신러닝/딥러닝 활용 예측모형 개발 - 보건의료빅데이터(건강보험심사평가원, 국민..."
https://kr.indeed.com/jobs?q=b3a6c83c9debcb92,네이버 파이낸셜 플랫폼 운영,성남 삼평동,,"Docker(kubernetes) 및 어플리케이션 배포 전략 지식 보유 - Shell script, python 및 web framework 등 기타 프로그래밍 언어 활용 가능 - 국가보훈대상자 및 장애인은 법령에 의거..."
https://kr.indeed.com/jobs?q=8a6e9cac2fec97be,스크린플랫폼개발팀 웹개발자,성남 분당구,,인터넷·IT·통신·모바일·게임>통신·모바일>플랫폼(VM)|인터넷·IT·통신·모바일·게임>응용프로그래머> Python|인터넷·IT·통신·모바일·게임>웹프로그래머>웹개발
https://kr.indeed.com/jobs?q=89b2f784c88c8a1b,[신입/경력] SW Engineer/Backend/Frontend 개발자,서울 서초구,,인터넷·IT·통신·모바일·게임>웹프로그래머>백엔드|인터넷·IT·통신·모바일·게임>웹프로그래머>프론트엔드|인터넷·IT·통신·모바일·게임>응용프로그래머>인공지능(AI)|인터넷·IT·통신·모바일·게임>응용프로그래머> Python
https://kr.indeed.com/jobs?q=5331de34a85a125a,[코그넥스] 딥러닝 연구원 (신입/경력/전문연구요원),서울 서초구,,"network 등) - Deep Learning 방법론에 대한 데모 프로그램 제작 및 제품화 코드 작성 ( Python / C++) - 다양한 종류의 제조업 이미지 데이터에 대한 탐색, 분석 및 전처리 모듈 구현 - 최신..."
https://kr.indeed.com/jobs?q=eaa02bda27910226,사물인터넷(IoT) 개발자 정규직,경기도 파주,,통신·모바일·게임>시스템프로그래머>임베디드(Embedded)|인터넷·IT·통신·모바일·게임>응용프로그래머> Python|인터넷·IT·통신·모바일·게임>소프트웨어·하드웨어>하드웨어|인터넷·IT·통신·모바일·게임>소프트웨어·하드웨...
https://kr.indeed.com/jobs?q=c719ac7a926d4858,Software Engineer - Robotics,서울,,STEM or similar degree You have in-depth knowledge of C / C++ and Python programming You value soft skills... passionate...
https://kr.indeed.com/jobs?q=1fd963b87d62d30a,한화시스템/방산 2021년 한화시스템 방산부문 신사업분야 경력사원,성남 분당구,,시스템개발자|인터넷·IT·통신·모바일·게임>빅데이터·AI(인공지능)> Python|전자·기계·기술·화학·연구개발>연구원·연구개발>전기·전자|전자·기계... 그래머>C·C++|인터넷·IT·통신·모바일·게임>응용프로그래머> Python
https://kr.indeed.com/jobs?q=192c20f6f0f64ab3,[2022 전문연구요원] AI R&D - Language AI,성남 판교역,,"기술을 서비스에 적용하기 위한 MLOps 플랫폼을 개발합니다. 지원자격 학력 : 석사 이상 필수조건 - Python, Java등 한 가지 이상의 컴퓨터 프로그래밍 언어를 활용할 수 있으신 분 - 머신러닝/딥러닝 기술에 대한..."
https://kr.indeed.com/jobs?q=692f118ecbdf4a69,Staff Data Scientist (Eats),서울,,"기술을 적용해본 업무 경험. 해당 분야의 5년 이상 전문 경력 선호. Python/R 등의 프로그래밍을 통해 데이터 조작, 알고리즘 및 모델 개발... experience using Python/R to manipulate..."
https://kr.indeed.com/jobs?q=f54bac6c78fd3240,코딩에 빠진 수퍼 개발자 (펌웨어 개발),성남 수정구,,"학력무관직무기술: 펌웨어(Firmware), Embedded System S/W 개발(판교) c/c++, Python 3 명 근무조건 고용형태: 정규직근무부서: 개발팀급여조건: 연봉 협의 후 결정 전형단계 및 제출서류 전형단..."
https://kr.indeed.com/jobs?q=90aa06e6e0113095,"Market Analyst & Data Scientist 안내(애널리스트,데이터사이언티스트)(병특포함)",서울 마포구,,"분석 프로그램 활용 가능자전공: 경영/경제학, 통계학, 금융/산업공학, 수학 등 관련학과석박사 학위수여자 Python으로 다양한 software 활용 가능자 0 명 근무조건 고용형태: 정규직(수습기간3개월)근무부서: 물가분석..."
https://kr.indeed.com/jobs?q=b9499f4d0a5a9c36,"Visual C++, Python 이용한 소프트웨어 개발 및 유지보수가 가능한 인재",용인 기흥구,"연봉 35,000,000원 - 40,000,000원","용부문 : - Visual C++, Python 을 이용한 소프트웨어 개발... 및 자격요건 담당업무 자격요건 인원 [담당업무]Visual C++, Python 을 이용한 소프트웨어 개발 및 유지보수가 가능한 인재 0명 - 계측장..."
https://kr.indeed.com/jobs?q=18412f48d46b750e,[폴라리스오피스] 전부문 대규모,서울 금천구,,통신·모바일·게임>웹프로그래머> Python|인터넷·IT·통신·모바일·게임... 프로그래머>자바스크립트|인터넷·IT·통신·모바일·게임>응용프로그래머> Python|인터넷·IT·통신·모바일·게임>응용프로그래머>iOS|인터넷·IT·통신...
https://kr.indeed.com/jobs?q=30e17a7d8ce9d4d4,Software Engineer,서울,,"writing optimal code... least one stack (Java, Go, Ruby, Python) Ability to work collaboratively and cross-functionally..."
https://kr.indeed.com/jobs?q=91bddba7f7620d51,"[대형증권사] LP/MM 시스템 개발 및 운영,유지보수",서울 강남구,,레이딩 시스템에 대한 이해 및 열정 보유 <우대사항>C++/JAVA/ Python 프로그래밍 가능 0 명 근무조건 고용형태: 정규직급여조건: 연봉 협의... 통신·모바일·게임>웹프로그래머> Python|인터넷·IT·통신·모바일·게임...
